{
  "calibration_a": -443756341.2889739,
  "calibration_b": 7.52022869951327,
  "reference_points": [
    [
      5.67930746001914e-09,
      5.0
    ],
    [
      1.5820007617517513e-08,
      0.5
    ]
  ]
}